    ,APT_GROUP                  ,USED_TECHNIQUES_ID
  0 ,admin@338 (G0018)          ,"['T1087.001', 'T1059.003', 'T1203', 'T1083', 'T1036.005', 'T1069.001', 'T1566.001', 'T1082', 'T1016', 'T1049', 'T1007', 'T1204.002']"
  1 ,Ajax Security Team (G0130) ,"['T1555.003', 'T1105', 'T1056.001', 'T1566.001', 'T1566.003', 'T1204.002']"
  2 ,APT-C-36 (G0099)           ,"['T1059.005', 'T1105', 'T1036.004', 'T1571', 'T1027', 'T1588.002', 'T1566.001', 'T1053.005', 'T1204.002']"
  3 ,APT1 (G0006)               ,"['T1087.001', 'T1583.001', 'T1560.001', 'T1119', 'T1059.003', 'T1584.001', 'T1005', 'T1114.001', 'T1114.002', 'T1585.002', 'T1036.005', 'T1135', 'T1588.001', 'T1588.002', 'T1003.001', 'T1566.001', 'T1566.002', 'T1057', 'T1021.001', 'T1016', 'T1049', 'T1007', 'T1550.002']"
  4 ,ALLANITE (G1000)           ,"['T0817', 'T0852', 'T0865', 'T0859']"
  5 ,Andariel (G0138)           ,"['T1005', 'T1189', 'T1203', 'T1592.002', 'T1590.005', 'T1105', 'T1027.003', 'T1588.001', 'T1566.001', 'T1057', 'T1049', 'T1204.002']"
  6 ,Aoqin Dragon (G1007)       ,"['T1587.001', 'T1203', 'T1083', 'T1570', 'T1036.005', 'T1027.002', 'T1588.002', 'T1091', 'T1204.002']"
  7 ,APT12 (G0005)              ,"['T1568.003', 'T1203', 'T1566.001', 'T1204.002', 'T1102.002']"
  8 ,APT16 (G0023)              ,['T1584.004']
  9 ,APT17 (G0025)              ,"['T1583.006', 'T1585']"
 10 ,APT29 (G0016)              ,"['T1548.002', 'T1087', 'T1087.002', 'T1087.004', 'T1098.001', 'T1098.002', 'T1098.003', 'T1098.005', 'T1583.001', 'T1583.006', 'T1595.002', 'T1071.001', 'T1560.001', 'T1547.001', 'T1037', 'T1037.004', 'T1110.001', 'T1110.003', 'T1651', 'T1059.001', 'T1059.003', 'T1059.005', 'T1059.006', 'T1059.009', 'T1586.002', 'T1586.003', 'T1584.001', 'T1136.003', 'T1555', 'T1555.003', 'T1213', 'T1213.003', 'T1005', 'T1001.002', 'T1074.002', 'T1140', 'T1587.001', 'T1587.003', 'T1484.002', 'T1482', 'T1568', 'T1114.002', 'T1573', 'T1585.001', 'T1546.003', 'T1546.008', 'T1048.002', 'T1190', 'T1203', 'T1068', 'T1133', 'T1083', 'T1606.001', 'T1606.002', 'T1589.001', 'T1562.001', 'T1562.002', 'T1562.004', 'T1070', 'T1070.004', 'T1070.006', 'T1070.008', 'T1105', 'T1036', 'T1036.004', 'T1036.005', 'T1556.007', 'T1621', 'T1027.001', 'T1027.002', 'T1027.003', 'T1027.006', 'T1588.002', 'T1003.002', 'T1003.004', 'T1003.006', 'T1069', 'T1069.002', 'T1566.001', 'T1566.002', 'T1566.003', 'T1057', 'T1090.001', 'T1090.003', 'T1090.004', 'T1021.001', 'T1021.002', 'T1021.006', 'T1021.007', 'T1018', 'T1053.005', 'T1505.003', 'T1649', 'T1558.003', 'T1539', 'T1553.002', 'T1553.005', 'T1195.002', 'T1218.005', 'T1218.011', 'T1082', 'T1016.001', 'T1199', 'T1552.004', 'T1550', 'T1550.001', 'T1550.003', 'T1550.004', 'T1204.001', 'T1204.002', 'T1078', 'T1078.002', 'T1078.003', 'T1078.004', 'T1102.002', 'T1047']"
 11 ,APT3 (G0022)               ,"['T1087.001', 'T1098', 'T1560.001', 'T1547.001', 'T1110.002', 'T1059.001', 'T1059.003', 'T1136.001', 'T1543.003', 'T1555.003', 'T1005', 'T1074.001', 'T1546.008', 'T1041', 'T1203', 'T1083', 'T1564.003', 'T1574.002', 'T1070.004', 'T1105', 'T1056.001', 'T1104', 'T1095', 'T1027', 'T1027.002', 'T1027.005', 'T1003.001', 'T1069', 'T1566.002', 'T1057', 'T1090.002', 'T1021.001', 'T1021.002', 'T1018', 'T1053.005', 'T1218.011', 'T1082', 'T1016', 'T1049', 'T1033', 'T1552.001', 'T1204.001', 'T1078.002']"
 12 ,APT30 (G0013)              ,"['T1566.001', 'T1204.002']"
 13 ,APT18 (G0026)              ,"['T1071.001', 'T1071.004', 'T1547.001', 'T1059.003', 'T1133', 'T1083', 'T1070.004', 'T1105', 'T1027', 'T1053.002', 'T1082', 'T1078']"
 14 ,APT19 (G0073)              ,"['T1071.001', 'T1547.001', 'T1059', 'T1059.001', 'T1543.003', 'T1132.001', 'T1140', 'T1189', 'T1564.003', 'T1574.002', 'T1112', 'T1027', 'T1027.010', 'T1588.002', 'T1566.001', 'T1218.010', 'T1218.011', 'T1082', 'T1016', 'T1033', 'T1204.002']"
 15 ,APT28 (G0007)              ,"['T1134.001', 'T1098.002', 'T1583.001', 'T1583.006', 'T1595.002', 'T1071.001', 'T1071.003', 'T1560', 'T1560.001', 'T1119', 'T1547.001', 'T1037.001', 'T1110', 'T1110.001', 'T1110.003', 'T1059.001', 'T1059.003', 'T1092', 'T1586.002', 'T1213', 'T1213.002', 'T1005', 'T1039', 'T1025', 'T1001.001', 'T1074.001', 'T1074.002', 'T1030', 'T1140', 'T1189', 'T1114.002', 'T1573.001', 'T1546.015', 'T1048.002', 'T1567', 'T1190', 'T1203', 'T1211', 'T1068', 'T1210', 'T1133', 'T1083', 'T1589.001', 'T1564.001', 'T1564.003', 'T1070.001', 'T1070.004', 'T1070.006', 'T1105', 'T1056.001', 'T1559.002', 'T1036', 'T1036.005', 'T1498', 'T1040', 'T1027', 'T1588.002', 'T1137.002', 'T1003', 'T1003.001', 'T1003.003', 'T1120', 'T1566.001', 'T1566.002', 'T1598', 'T1598.003', 'T1542.003', 'T1057', 'T1090.002', 'T1090.003', 'T1021.002', 'T1091', 'T1014', 'T1113', 'T1505.003', 'T1528', 'T1218.011', 'T1221', 'T1199', 'T1550.001', 'T1550.002', 'T1204.001', 'T1204.002', 'T1078', 'T1078.004', 'T1102.002']"
 16 ,APT32 (G0050)              ,"['T1087.001', 'T1583.001', 'T1583.006', 'T1071.001', 'T1071.003', 'T1560', 'T1547.001', 'T1059', 'T1059.001', 'T1059.003', 'T1059.005', 'T1059.007', 'T1543.003', 'T1189', 'T1585.001', 'T1048.003', 'T1041', 'T1203', 'T1068', 'T1083', 'T1222.002', 'T1589', 'T1589.002', 'T1564.001', 'T1564.003', 'T1564.004', 'T1574.002', 'T1070.001', 'T1070.004', 'T1070.006', 'T1105', 'T1056.001', 'T1570', 'T1036', 'T1036.003', 'T1036.004', 'T1036.005', 'T1112', 'T1046', 'T1135', 'T1571', 'T1027', 'T1027.001', 'T1027.010', 'T1027.011', 'T1588.002', 'T1137', 'T1003', 'T1003.001', 'T1566.001', 'T1566.002', 'T1598.003', 'T1055', 'T1012', 'T1021.002', 'T1018', 'T1053.005', 'T1505.003', 'T1072', 'T1608.001', 'T1608.004', 'T1218.005', 'T1218.010', 'T1218.011', 'T1082', 'T1016', 'T1049', 'T1033', 'T1216.001', 'T1569.002', 'T1552.002', 'T1550.002', 'T1550.003', 'T1204.001', 'T1204.002', 'T1078.003', 'T1102', 'T1047']"
 17 ,APT33 (G0064)              ,"['T1071.001', 'T1560.001', 'T1547.001', 'T1110.003', 'T1059.001', 'T1059.005', 'T1555', 'T1555.003', 'T1132.001', 'T1573.001', 'T1546.003', 'T1048.003', 'T1203', 'T1068', 'T1105', 'T1040', 'T1571', 'T1027', 'T1588.002', 'T1003.001', 'T1003.004', 'T1003.005', 'T1566.001', 'T1566.002', 'T1053.005', 'T1552.001', 'T1552.006', 'T1204.001', 'T1204.002', 'T1078', 'T1078.004']"
 18 ,APT37 (G0067)              ,"['T1548.002', 'T1071.001', 'T1123', 'T1547.001', 'T1059', 'T1059.003', 'T1059.005', 'T1059.006', 'T1555.003', 'T1005', 'T1561.002', 'T1189', 'T1203', 'T1105', 'T1559.002', 'T1036.001', 'T1106', 'T1027', 'T1027.003', 'T1120', 'T1566.001', 'T1057', 'T1055', 'T1053.005', 'T1082', 'T1033', 'T1529', 'T1204.002', 'T1102.002']"
 19 ,APT38 (G0082)              ,"['T1071.001', 'T1217', 'T1110', 'T1115', 'T1059.001', 'T1059.003', 'T1059.005', 'T1543.003', 'T1485', 'T1486', 'T1005', 'T1565.001', 'T1565.002', 'T1565.003', 'T1561.002', 'T1189', 'T1083', 'T1562.003', 'T1562.004', 'T1070.001', 'T1070.004', 'T1070.006', 'T1105', 'T1056.001', 'T1112', 'T1106', 'T1135', 'T1027.002', 'T1588.002', 'T1566.001', 'T1057', 'T1053.003', 'T1053.005', 'T1505.003', 'T1518.001', 'T1218.001', 'T1218.011', 'T1082', 'T1049', 'T1033', 'T1569.002', 'T1529', 'T1204.002']"
 20 ,APT39 (G0087)              ,"['T1071.001', 'T1071.004', 'T1560.001', 'T1197', 'T1547.001', 'T1547.009', 'T1110', 'T1115', 'T1059', 'T1059.001', 'T1059.005', 'T1059.006', 'T1136.001', 'T1555', 'T1005', 'T1074.001', 'T1140', 'T1546.010', 'T1041', 'T1190', 'T1083', 'T1070.004', 'T1105', 'T1056', 'T1056.001', 'T1036.005', 'T1046', 'T1135', 'T1027', 'T1027.002', 'T1588.002', 'T1003', 'T1003.001', 'T1566.001', 'T1566.002', 'T1090.001', 'T1090.002', 'T1012', 'T1021.001', 'T1021.002', 'T1021.004', 'T1018', 'T1053.005', 'T1113', 'T1505.003', 'T1553.006', 'T1033', 'T1569.002', 'T1204.001', 'T1204.002', 'T1078', 'T1102.002']"
 21 ,APT41 (G0096)              ,"['T1134', 'T1098', 'T1071.001', 'T1071.002', 'T1071.004', 'T1560.001', 'T1560.003', 'T1197', 'T1547.001', 'T1110.002', 'T1059.001', 'T1059.003', 'T1059.004', 'T1059.007', 'T1136.001', 'T1543.003', 'T1486', 'T1005', 'T1001.003', 'T1074.001', 'T1140', 'T1568.002', 'T1546.008', 'T1480.001', 'T1048.003', 'T1041', 'T1567', 'T1190', 'T1203', 'T1068', 'T1133', 'T1008', 'T1083', 'T1574', 'T1574.001', 'T1574.002', 'T1574.006', 'T1070.001', 'T1070.003', 'T1070.004', 'T1105', 'T1056.001', 'T1036.004', 'T1036.005', 'T1112', 'T1104', 'T1046', 'T1135', 'T1027', 'T1027.002', 'T1588.002', 'T1003.001', 'T1003.002', 'T1566.001', 'T1542.003', 'T1055', 'T1090', 'T1021.001', 'T1021.002', 'T1496', 'T1014', 'T1053.005', 'T1505.003', 'T1553.002', 'T1195.002', 'T1218.001', 'T1218.011', 'T1082', 'T1016', 'T1049', 'T1033', 'T1569.002', 'T1078', 'T1102', 'T1102.001', 'T1047']"
 22 ,Aquatic Panda (G0143)      ,"['T1595.002', 'T1560.001', 'T1059.001', 'T1059.003', 'T1574.001', 'T1562.001', 'T1070.004', 'T1105', 'T1027.010', 'T1588.001', 'T1588.002', 'T1003.001', 'T1518.001', 'T1082', 'T1007']"
 23 ,Axiom (G0001)              ,"['T1583.002', 'T1583.003', 'T1560', 'T1584.005', 'T1005', 'T1001.002', 'T1189', 'T1546.008', 'T1190', 'T1203', 'T1003', 'T1566', 'T1563.002', 'T1021.001', 'T1553', 'T1078']"
 24 ,BackdoorDiplomacy (G0135)  ,"['T1074.001', 'T1190', 'T1574.001', 'T1105', 'T1036.004', 'T1036.005', 'T1046', 'T1095', 'T1027', 'T1588.001', 'T1588.002', 'T1120', 'T1055.001', 'T1505.003', 'T1049']"
 25 ,BITTER (G1002)             ,"['T1583.001', 'T1071.001', 'T1568', 'T1573', 'T1203', 'T1068', 'T1105', 'T1559.002', 'T1036.004', 'T1095', 'T1027', 'T1588.002', 'T1566.001', 'T1053.005', 'T1608.001', 'T1204.002']"
 26 ,BlackOasis (G0063)         ,['T1027']
 27 ,BlackTech (G0098)          ,"['T1190', 'T1203', 'T1574.002', 'T1036.002', 'T1106', 'T1046', 'T1588.002', 'T1588.003', 'T1588.004', 'T1566.001', 'T1566.002', 'T1021.004', 'T1204.001', 'T1204.002']"
 28 ,Blue Mockingbird (G0108)   ,"['T1134', 'T1059.001', 'T1059.003', 'T1543.003', 'T1546.003', 'T1190', 'T1574.012', 'T1036.005', 'T1112', 'T1027', 'T1588.002', 'T1003.001', 'T1090', 'T1021.001', 'T1021.002', 'T1496', 'T1053.005', 'T1218.010', 'T1218.011', 'T1082', 'T1569.002', 'T1047']"
 29 ,Bouncing Golf (G0097)      ,['T1655.001']
 30 ,Cleaver (G0003)            ,"['T1557.002', 'T1587.001', 'T1585.001', 'T1588.002', 'T1003.001']"
 31 ,Cobalt Group (G0080)       ,"['T1548.002', 'T1071.001', 'T1071.004', 'T1547.001', 'T1037.001', 'T1059.001', 'T1059.003', 'T1059.005', 'T1059.007', 'T1543.003', 'T1573.002', 'T1203', 'T1068', 'T1070.004', 'T1105', 'T1559.002', 'T1046', 'T1027.010', 'T1588.002', 'T1566.001', 'T1566.002', 'T1055', 'T1572', 'T1219', 'T1021.001', 'T1053.005', 'T1518.001', 'T1195.002', 'T1218.003', 'T1218.008', 'T1218.010', 'T1204.001', 'T1204.002', 'T1220']"
 32 ,BRONZE BUTLER (G0060)      ,"['T1548.002', 'T1087.002', 'T1071.001', 'T1560.001', 'T1547.001', 'T1059.001', 'T1059.003', 'T1059.005', 'T1059.006', 'T1132.001', 'T1005', 'T1039', 'T1140', 'T1189', 'T1573.001', 'T1203', 'T1083', 'T1574.002', 'T1562.001', 'T1070.004', 'T1105', 'T1036', 'T1036.002', 'T1036.005', 'T1027.001', 'T1027.003', 'T1588.002', 'T1003.001', 'T1566.001', 'T1018', 'T1053.002', 'T1053.005', 'T1113', 'T1518', 'T1007', 'T1124', 'T1080', 'T1550.003', 'T1204.002', 'T1102.001']"
 33 ,CopyKittens (G0052)        ,"['T1560.001', 'T1560.003', 'T1059.001', 'T1564.003', 'T1588.002', 'T1090', 'T1553.002', 'T1218.011']"
 34 ,Carbanak (G0008)           ,"['T1543.003', 'T1562.004', 'T1036.004', 'T1036.005', 'T1588.002', 'T1219', 'T1218.011', 'T1078', 'T1102.002']"
 35 ,Dark Caracal (G0070)       ,"['T1071.001', 'T1547.001', 'T1059.003', 'T1005', 'T1189', 'T1083', 'T1027', 'T1027.002', 'T1566.003', 'T1113', 'T1218.001', 'T1204.002']"
 36 ,Chimera (G0114)            ,"['T1087.001', 'T1087.002', 'T1071.001', 'T1071.004', 'T1560.001', 'T1119', 'T1217', 'T1110.003', 'T1110.004', 'T1059.001', 'T1059.003', 'T1213.002', 'T1039', 'T1074.001', 'T1074.002', 'T1482', 'T1114.001', 'T1114.002', 'T1041', 'T1567.002', 'T1133', 'T1083', 'T1589.001', 'T1574.002', 'T1070.001', 'T1070.004', 'T1070.006', 'T1105', 'T1570', 'T1036.005', 'T1556.001', 'T1111', 'T1106', 'T1046', 'T1135', 'T1027.010', 'T1588.002', 'T1003.003', 'T1201', 'T1069.001', 'T1057', 'T1572', 'T1012', 'T1021.001', 'T1021.002', 'T1021.006', 'T1018', 'T1053.005', 'T1082', 'T1016', 'T1049', 'T1033', 'T1007', 'T1569.002', 'T1124', 'T1550.002', 'T1078', 'T1078.002', 'T1047']"
 37 ,Confucius (G0142)          ,"['T1583.006', 'T1071.001', 'T1119', 'T1547.001', 'T1059.001', 'T1059.005', 'T1041', 'T1567.002', 'T1203', 'T1083', 'T1105', 'T1566.001', 'T1566.002', 'T1053.005', 'T1218.005', 'T1082', 'T1221', 'T1204.001', 'T1204.002']"
 38 ,DarkVishnya (G0105)        ,"['T1110', 'T1059.001', 'T1543.003', 'T1200', 'T1046', 'T1135', 'T1040', 'T1571', 'T1588.002', 'T1219']"
 39 ,CURIUM (G1012)             ,"['T1005', 'T1585.001', 'T1566.003', 'T1204.002']"
 40 ,Darkhotel (G0012)          ,"['T1547.001', 'T1059.003', 'T1140', 'T1189', 'T1573.001', 'T1203', 'T1083', 'T1105', 'T1056.001', 'T1036.005', 'T1027', 'T1566.001', 'T1057', 'T1091', 'T1518.001', 'T1553.002', 'T1082', 'T1016', 'T1124', 'T1080', 'T1204.002', 'T1497', 'T1497.001', 'T1497.002']"
 41 ,Earth Lusca (G1006)        ,"['T1548.002', 'T1098.004', 'T1583.001', 'T1583.004', 'T1583.006', 'T1595.002', 'T1560.001', 'T1547.012', 'T1059.001', 'T1059.005', 'T1059.006', 'T1059.007', 'T1584.004', 'T1584.006', 'T1543.003', 'T1140', 'T1482', 'T1189', 'T1567.002', 'T1190', 'T1210', 'T1574.002', 'T1036.005', 'T1112', 'T1027', 'T1027.003', 'T1588.001', 'T1588.002', 'T1003.001', 'T1003.006', 'T1566.002', 'T1057', 'T1090', 'T1018', 'T1053', 'T1608.001', 'T1218.005', 'T1016', 'T1049', 'T1033', 'T1007', 'T1204.001', 'T1204.002', 'T1047']"
 42 ,DarkHydrus (G0079)         ,"['T1059.001', 'T1187', 'T1564.003', 'T1588.002', 'T1566.001', 'T1221', 'T1204.002']"
 43 ,Ember Bear (G1003)         ,"['T1059.001', 'T1059.003', 'T1059.007', 'T1203', 'T1562.001', 'T1105', 'T1112', 'T1027', 'T1027.001', 'T1027.002', 'T1027.010', 'T1588.002', 'T1588.003', 'T1566.001', 'T1566.002', 'T1553.002', 'T1218.002', 'T1204.001', 'T1204.002', 'T1102']"
 44 ,Deep Panda (G0009)         ,"['T1059.001', 'T1546.008', 'T1564.003', 'T1027.005', 'T1057', 'T1021.002', 'T1018', 'T1505.003', 'T1218.010', 'T1047']"
 45 ,Dragonfly (G0035)          ,"['T1087.002', 'T1098', 'T1583.001', 'T1583.003', 'T1595.002', 'T1071.002', 'T1560', 'T1547.001', 'T1110', 'T1110.002', 'T1059', 'T1059.001', 'T1059.003', 'T1059.006', 'T1584.004', 'T1136.001', 'T1005', 'T1074.001', 'T1189', 'T1114.002', 'T1190', 'T1203', 'T1210', 'T1133', 'T1083', 'T1187', 'T1591.002', 'T1564.002', 'T1562.004', 'T1070.001', 'T1070.004', 'T1105', 'T1036', 'T1112', 'T1135', 'T1588.002', 'T1003.002', 'T1003.003', 'T1003.004', 'T1069.002', 'T1566.001', 'T1598.002', 'T1598.003', 'T1012', 'T1021.001', 'T1018', 'T1053.005', 'T1113', 'T1505.003', 'T1608.004', 'T1195.002', 'T1016', 'T1033', 'T1221', 'T1204.002', 'T1078']"
 46 ,Elderwood (G0066)          ,"['T1189', 'T1203', 'T1105', 'T1027', 'T1027.002', 'T1566.001', 'T1566.002', 'T1204.001', 'T1204.002']"
 47 ,Ferocious Kitten (G0137)   ,"['T1583.001', 'T1036.002', 'T1036.005', 'T1588.002', 'T1566.001', 'T1204.002']"
 48 ,FIN10 (G0051)              ,"['T1547.001', 'T1059.001', 'T1059.003', 'T1070.004', 'T1570', 'T1588.002', 'T1021.001', 'T1053.005', 'T1033', 'T1078', 'T1078.003']"
 49 ,Equation (G0020)           ,"['T1480.001', 'T1564.005', 'T1120', 'T1542.002']"
 50 ,Evilnum (G0120)            ,"['T1548.002', 'T1059.007', 'T1555', 'T1574.001', 'T1070.004', 'T1105', 'T1566.002', 'T1219', 'T1539', 'T1204.001', 'T1497.001']"
 51 ,FIN5 (G0053)               ,"['T1119', 'T1110', 'T1059', 'T1074.001', 'T1133', 'T1070.001', 'T1070.004', 'T1588.002', 'T1090.002', 'T1018', 'T1078']"
 52 ,EXOTIC LILY (G1011)        ,"['T1583.001', 'T1585.001', 'T1585.002', 'T1203', 'T1589.002', 'T1566.001', 'T1566.002', 'T1566.003', 'T1597', 'T1593.001', 'T1594', 'T1608.001', 'T1204.001', 'T1204.002', 'T1102']"
 53 ,FIN7 (G0046)               ,"['T1583.001', 'T1583.006', 'T1071.004', 'T1547.001', 'T1059', 'T1059.001', 'T1059.003', 'T1059.005', 'T1059.007', 'T1543.003', 'T1486', 'T1005', 'T1587.001', 'T1546.011', 'T1567.002', 'T1210', 'T1008', 'T1105', 'T1559.002', 'T1036.004', 'T1036.005', 'T1571', 'T1027.001', 'T1027.010', 'T1588.002', 'T1069.002', 'T1566.001', 'T1566.002', 'T1219', 'T1021.001', 'T1021.004', 'T1021.005', 'T1091', 'T1053.005', 'T1113', 'T1608.001', 'T1608.004', 'T1558.003', 'T1553.002', 'T1195.002', 'T1218.005', 'T1218.011', 'T1033', 'T1204.001', 'T1204.002', 'T1078', 'T1125', 'T1497.002', 'T1102.002', 'T1047']"
 54 ,FIN13 (G1016)              ,"['T1134.003', 'T1087', 'T1087.002', 'T1098', 'T1071.001', 'T1560.001', 'T1547.001', 'T1059.001', 'T1059.003', 'T1059.005', 'T1136.001', 'T1005', 'T1565', 'T1074.001', 'T1140', 'T1587.001', 'T1190', 'T1133', 'T1083', 'T1657', 'T1589', 'T1590.004', 'T1564.001', 'T1574.002', 'T1105', 'T1056.001', 'T1036', 'T1036.004', 'T1036.005', 'T1556', 'T1046', 'T1135', 'T1588.002', 'T1003.001', 'T1003.002', 'T1003.003', 'T1069', 'T1572', 'T1090.001', 'T1021.001', 'T1021.002', 'T1021.004', 'T1021.006', 'T1053.005', 'T1505.003', 'T1082', 'T1016', 'T1016.001', 'T1049', 'T1552.001', 'T1550.002', 'T1078.001', 'T1047']"
 55 ,Fox Kitten (G0117)         ,"['T1087.001', 'T1087.002', 'T1560.001', 'T1217', 'T1110', 'T1059', 'T1059.001', 'T1059.003', 'T1136.001', 'T1555.005', 'T1530', 'T1213', 'T1005', 'T1039', 'T1585', 'T1585.001', 'T1546.008', 'T1190', 'T1210', 'T1083', 'T1105', 'T1036.004', 'T1036.005', 'T1046', 'T1027', 'T1027.010', 'T1003.001', 'T1003.003', 'T1572', 'T1090', 'T1012', 'T1021.001', 'T1021.002', 'T1021.004', 'T1021.005', 'T1018', 'T1053.005', 'T1505.003', 'T1552.001', 'T1078', 'T1102']"
 56 ,FIN4 (G0085)               ,"['T1071.001', 'T1059.005', 'T1114.002', 'T1564.008', 'T1056.001', 'T1056.002', 'T1566.001', 'T1566.002', 'T1090.003', 'T1204.001', 'T1204.002', 'T1078']"
 57 ,FIN6 (G0037)               ,"['T1134', 'T1087.002', 'T1560', 'T1560.003', 'T1119', 'T1547.001', 'T1110.002', 'T1059', 'T1059.001', 'T1059.003', 'T1059.007', 'T1555', 'T1555.003', 'T1213', 'T1005', 'T1074.002', 'T1573.002', 'T1048.003', 'T1068', 'T1562.001', 'T1070.004', 'T1036.004', 'T1046', 'T1095', 'T1027.010', 'T1588.002', 'T1003.001', 'T1003.003', 'T1566.001', 'T1566.003', 'T1572', 'T1021.001', 'T1018', 'T1053.005', 'T1553.002', 'T1569.002', 'T1204.002', 'T1078', 'T1102', 'T1047']"
 58 ,FIN8 (G0061)               ,"['T1134.001', 'T1071.001', 'T1560.001', 'T1059.001', 'T1059.003', 'T1486', 'T1074.002', 'T1482', 'T1573.002', 'T1546.003', 'T1048.003', 'T1068', 'T1070.001', 'T1070.004', 'T1105', 'T1112', 'T1027.010', 'T1588.002', 'T1588.003', 'T1003.001', 'T1566.001', 'T1566.002', 'T1055.004', 'T1021.001', 'T1021.002', 'T1018', 'T1053.005', 'T1518.001', 'T1082', 'T1016.001', 'T1033', 'T1204.001', 'T1204.002', 'T1078', 'T1102', 'T1047']"
 59 ,GCMAN (G0036)              ,"['T1021.004', 'T1021.005']"
 60 ,GOLD SOUTHFIELD (G0115)    ,"['T1059.001', 'T1190', 'T1133', 'T1027.010', 'T1566', 'T1219', 'T1113', 'T1195.002', 'T1199']"
 61 ,GALLIUM (G0093)            ,"['T1583.004', 'T1560.001', 'T1059.001', 'T1059.003', 'T1136.002', 'T1005', 'T1074.001', 'T1041', 'T1190', 'T1133', 'T1574.002', 'T1105', 'T1570', 'T1036.003', 'T1027', 'T1027.002', 'T1027.005', 'T1588.002', 'T1003.001', 'T1003.002', 'T1090.002', 'T1018', 'T1053.005', 'T1505.003', 'T1553.002', 'T1016', 'T1049', 'T1033', 'T1550.002', 'T1078', 'T1047']"
 62 ,Group5 (G0043)             ,"['T1070.004', 'T1056.001', 'T1027', 'T1113']"
 63 ,Gallmaker (G0084)          ,"['T1560.001', 'T1059.001', 'T1559.002', 'T1027', 'T1566.001', 'T1204.002']"
 64 ,HEXANE (G1001)             ,"['T1583.001', 'T1583.002', 'T1010', 'T1110', 'T1110.003', 'T1059.001', 'T1059.005', 'T1586.002', 'T1555', 'T1555.003', 'T1585.001', 'T1585.002', 'T1567.002', 'T1589', 'T1589.002', 'T1591.004', 'T1105', 'T1056.001', 'T1534', 'T1027.010', 'T1588.002', 'T1069.001', 'T1057', 'T1021.001', 'T1018', 'T1053.005', 'T1518', 'T1608.001', 'T1082', 'T1016', 'T1016.001', 'T1049', 'T1033', 'T1204.002', 'T1102.002']"
 65 ,Gamaredon Group (G0047)    ,"['T1583.001', 'T1071.001', 'T1119', 'T1020', 'T1547.001', 'T1059.001', 'T1059.003', 'T1059.005', 'T1485', 'T1005', 'T1039', 'T1025', 'T1491.001', 'T1140', 'T1568', 'T1041', 'T1083', 'T1564.003', 'T1562.001', 'T1070.004', 'T1105', 'T1559.001', 'T1534', 'T1036.005', 'T1112', 'T1106', 'T1027', 'T1027.001', 'T1027.004', 'T1027.010', 'T1137', 'T1120', 'T1566.001', 'T1057', 'T1021.005', 'T1053.005', 'T1113', 'T1608.001', 'T1218.005', 'T1218.011', 'T1082', 'T1016.001', 'T1033', 'T1080', 'T1221', 'T1204.002', 'T1102', 'T1047']"
 66 ,Inception (G0100)          ,"['T1071.001', 'T1547.001', 'T1059.001', 'T1059.005', 'T1555.003', 'T1005', 'T1573.001', 'T1203', 'T1083', 'T1027', 'T1588.002', 'T1069.002', 'T1566.001', 'T1057', 'T1090.003', 'T1518', 'T1218.005', 'T1218.010', 'T1082', 'T1221', 'T1204.002', 'T1102']"
 67 ,Gorgon Group (G0078)       ,"['T1547.001', 'T1547.009', 'T1059.001', 'T1059.003', 'T1059.005', 'T1140', 'T1564.003', 'T1562.001', 'T1105', 'T1112', 'T1106', 'T1588.002', 'T1566.001', 'T1055.002', 'T1055.012', 'T1204.002']"
 68 ,HAFNIUM (G0125)            ,"['T1098', 'T1583.003', 'T1583.006', 'T1071.001', 'T1560.001', 'T1059.001', 'T1059.003', 'T1136.002', 'T1132.001', 'T1005', 'T1114.002', 'T1567.002', 'T1190', 'T1083', 'T1592.004', 'T1589.002', 'T1590', 'T1590.005', 'T1564.001', 'T1105', 'T1095', 'T1003.001', 'T1003.003', 'T1057', 'T1018', 'T1505.003', 'T1218.011', 'T1016', 'T1016.001', 'T1033', 'T1078.003']"
 69 ,Ke3chang (G0004)           ,"['T1087.001', 'T1087.002', 'T1071.001', 'T1071.004', 'T1560', 'T1560.001', 'T1119', 'T1020', 'T1547.001', 'T1059', 'T1059.003', 'T1543.003', 'T1213.002', 'T1005', 'T1140', 'T1587.001', 'T1114.002', 'T1041', 'T1190', 'T1133', 'T1083', 'T1105', 'T1056.001', 'T1036.002', 'T1036.005', 'T1027', 'T1588.002', 'T1003.001', 'T1003.002', 'T1003.003', 'T1003.004', 'T1069.002', 'T1057', 'T1021.002', 'T1018', 'T1558.001', 'T1082', 'T1614.001', 'T1016', 'T1049', 'T1033', 'T1007', 'T1569.002', 'T1078', 'T1078.004']"
 70 ,Higaisa (G0126)            ,"['T1071.001', 'T1547.001', 'T1059.003', 'T1059.005', 'T1059.007', 'T1001.003', 'T1140', 'T1573.001', 'T1041', 'T1203', 'T1564.003', 'T1574.002', 'T1036.004', 'T1106', 'T1027', 'T1027.001', 'T1566.001', 'T1057', 'T1090.001', 'T1053.005', 'T1029', 'T1082', 'T1016', 'T1124', 'T1204.002', 'T1220']"
 71 ,IndigoZebra (G0136)        ,"['T1583.001', 'T1583.006', 'T1586.002', 'T1105', 'T1588.002', 'T1566.001', 'T1204.002']"
 72 ,Indrik Spider (G0119)      ,"['T1059.001', 'T1059.003', 'T1059.007', 'T1584.004', 'T1136', 'T1486', 'T1074.001', 'T1587.001', 'T1484.001', 'T1585.002', 'T1562.001', 'T1070.001', 'T1105', 'T1036.005', 'T1003.001', 'T1018', 'T1489', 'T1007', 'T1204.002', 'T1078.002', 'T1047']"
 73 ,LazyScripter (G0140)       ,"['T1583.001', 'T1583.006', 'T1071.004', 'T1547.001', 'T1059.001', 'T1059.003', 'T1059.005', 'T1059.007', 'T1105', 'T1036', 'T1027.010', 'T1588.001', 'T1566.001', 'T1566.002', 'T1608.001', 'T1218.005', 'T1218.011', 'T1204.001', 'T1204.002', 'T1102']"
 74 ,Leafminer (G0077)          ,"['T1110.003', 'T1059.007', 'T1136.001', 'T1555', 'T1555.003', 'T1189', 'T1114.002', 'T1083', 'T1046', 'T1027.010', 'T1588.002', 'T1003.001', 'T1003.004', 'T1003.005', 'T1055.013', 'T1018', 'T1552.001']"
 75 ,Leviathan (G0065)          ,"['T1583.001', 'T1560', 'T1197', 'T1547.001', 'T1547.009', 'T1059.001', 'T1059.005', 'T1586.001', 'T1586.002', 'T1074.001', 'T1074.002', 'T1140', 'T1189', 'T1585.001', 'T1585.002', 'T1546.003', 'T1041', 'T1567.002', 'T1203', 'T1133', 'T1589.001', 'T1105', 'T1559.002', 'T1534', 'T1027', 'T1027.001', 'T1027.003', 'T1003', 'T1003.001', 'T1566.001', 'T1566.002', 'T1055.001', 'T1572', 'T1090.003', 'T1021.001', 'T1021.004', 'T1505.003', 'T1553.002', 'T1218.010', 'T1204.001', 'T1204.002', 'T1078', 'T1102.003', 'T1047']"
 76 ,Kimsuky (G0094)            ,"['T1098', 'T1583.001', 'T1583.004', 'T1583.006', 'T1557', 'T1071.001', 'T1071.002', 'T1071.003', 'T1560.001', 'T1560.003', 'T1547.001', 'T1176', 'T1059.001', 'T1059.003', 'T1059.005', 'T1059.006', 'T1059.007', 'T1586.002', 'T1584.001', 'T1136.001', 'T1543.003', 'T1555.003', 'T1005', 'T1074.001', 'T1140', 'T1587', 'T1587.001', 'T1114.002', 'T1114.003', 'T1585.001', 'T1585.002', 'T1546.001', 'T1041', 'T1567.002', 'T1190', 'T1133', 'T1083', 'T1589.002', 'T1589.003', 'T1591', 'T1564.002', 'T1564.003', 'T1562.001', 'T1562.004', 'T1070.004', 'T1070.006', 'T1105', 'T1056.001', 'T1534', 'T1036', 'T1036.004', 'T1036.005', 'T1112', 'T1111', 'T1040', 'T1027', 'T1027.002', 'T1588.002', 'T1588.005', 'T1003.001', 'T1566.001', 'T1566.002', 'T1598.003', 'T1057', 'T1055', 'T1055.012', 'T1012', 'T1219', 'T1021.001', 'T1053.005', 'T1593.001', 'T1593.002', 'T1594', 'T1505.003', 'T1518.001', 'T1608.001', 'T1553.002', 'T1218.005', 'T1218.010', 'T1218.011', 'T1082', 'T1016', 'T1007', 'T1552.001', 'T1550.002', 'T1204.001', 'T1204.002', 'T1078.003', 'T1102.002']"
 77 ,LAPSUS$ (G1004)            ,"['T1531', 'T1087.002', 'T1098.003', 'T1583.003', 'T1586.002', 'T1584.002', 'T1136.003', 'T1555.003', 'T1555.005', 'T1485', 'T1213', 'T1213.001', 'T1213.002', 'T1213.003', 'T1005', 'T1114.003', 'T1068', 'T1133', 'T1589', 'T1589.001', 'T1589.002', 'T1591.002', 'T1591.004', 'T1656', 'T1578.002', 'T1578.003', 'T1111', 'T1621', 'T1588.001', 'T1588.002', 'T1003.003', 'T1003.006', 'T1069.002', 'T1598.004', 'T1090', 'T1597.002', 'T1593.003', 'T1489', 'T1199', 'T1552.008', 'T1204', 'T1078', 'T1078.004']"
 78 ,Lazarus Group (G0032)      ,"['T1134.002', 'T1087.002', 'T1098', 'T1583.001', 'T1583.004', 'T1583.006', 'T1557.001', 'T1071.001', 'T1010', 'T1560', 'T1560.001', 'T1560.002', 'T1560.003', 'T1547.001', 'T1547.009', 'T1110', 'T1110.003', 'T1059.001', 'T1059.003', 'T1059.005', 'T1584.001', 'T1584.004', 'T1543.003', 'T1485', 'T1132.001', 'T1005', 'T1001.003', 'T1074.001', 'T1622', 'T1491.001', 'T1140', 'T1587.001', 'T1587.002', 'T1561.001', 'T1561.002', 'T1189', 'T1573.001', 'T1585.001', 'T1585.002', 'T1048.003', 'T1041', 'T1567.002', 'T1203', 'T1008', 'T1083', 'T1589', 'T1589.002', 'T1591', 'T1591.004', 'T1564.001', 'T1574.002', 'T1574.013', 'T1562.001', 'T1562.004', 'T1656', 'T1070', 'T1070.003', 'T1070.004', 'T1070.006', 'T1202', 'T1105', 'T1056.001', 'T1534', 'T1036.003', 'T1036.004', 'T1036.005', 'T1036.008', 'T1104', 'T1106', 'T1046', 'T1571', 'T1027', 'T1027.002', 'T1027.007', 'T1588.002', 'T1588.003', 'T1588.004', 'T1566.001', 'T1566.002', 'T1566.003', 'T1542.003', 'T1057', 'T1055.001', 'T1090.001', 'T1090.002', 'T1012', 'T1620', 'T1021.001', 'T1021.002', 'T1021.004', 'T1053.005', 'T1593.001', 'T1505.004', 'T1489', 'T1608.001', 'T1608.002', 'T1553.002', 'T1218', 'T1218.005', 'T1218.010', 'T1218.011', 'T1082', 'T1614.001', 'T1016', 'T1049', 'T1033', 'T1529', 'T1124', 'T1221', 'T1204.001', 'T1204.002', 'T1078', 'T1497.001', 'T1497.003', 'T1102.002', 'T1047', 'T1220']"
 79 ,LuminousMoth (G1014)       ,"['T1557.002', 'T1071.001', 'T1560', 'T1547.001', 'T1005', 'T1030', 'T1587.001', 'T1041', 'T1567.002', 'T1083', 'T1564.001', 'T1574.002', 'T1105', 'T1036.005', 'T1112', 'T1588.001', 'T1588.002', 'T1588.004', 'T1566.002', 'T1091', 'T1053.005', 'T1608.001', 'T1608.004', 'T1608.005', 'T1539', 'T1553.002', 'T1033', 'T1204.001']"
 80 ,Machete (G0095)            ,"['T1059.003', 'T1059.005', 'T1059.006', 'T1189', 'T1036.005', 'T1566.001', 'T1566.002', 'T1053.005', 'T1218.007', 'T1204.001', 'T1204.002']"
 81 ,Magic Hound (G0059)        ,"['T1087.003', 'T1098', 'T1098.002', 'T1583.001', 'T1583.006', 'T1595.002', 'T1071', 'T1071.001', 'T1560.001', 'T1547.001', 'T1059.001', 'T1059.003', 'T1059.005', 'T1586.002', 'T1584.001', 'T1136.001', 'T1486', 'T1005', 'T1482', 'T1189', 'T1114', 'T1114.001', 'T1114.002', 'T1573', 'T1585.001', 'T1585.002', 'T1567', 'T1190', 'T1083', 'T1592.002', 'T1589', 'T1589.001', 'T1589.002', 'T1590.005', 'T1591.001', 'T1564.003', 'T1562', 'T1562.001', 'T1562.002', 'T1562.004', 'T1070.003', 'T1070.004', 'T1105', 'T1056.001', 'T1570', 'T1036.004', 'T1036.005', 'T1112', 'T1046', 'T1571', 'T1027', 'T1027.010', 'T1588.002', 'T1003.001', 'T1566.002', 'T1566.003', 'T1598.003', 'T1057', 'T1572', 'T1090', 'T1021.001', 'T1018', 'T1053.005', 'T1113', 'T1505.003', 'T1218.011', 'T1082', 'T1016', 'T1016.001', 'T1016.002', 'T1049', 'T1033', 'T1204.001', 'T1204.002', 'T1078.001', 'T1078.002', 'T1102.002', 'T1047']"
 82 ,menuPass (G0045)           ,"['T1087.002', 'T1583.001', 'T1560', 'T1560.001', 'T1119', 'T1059.001', 'T1059.003', 'T1005', 'T1039', 'T1074.001', 'T1074.002', 'T1140', 'T1568.001', 'T1190', 'T1210', 'T1083', 'T1574.001', 'T1574.002', 'T1070.003', 'T1070.004', 'T1105', 'T1056.001', 'T1036', 'T1036.003', 'T1036.005', 'T1106', 'T1046', 'T1027', 'T1588.002', 'T1003.002', 'T1003.003', 'T1003.004', 'T1566.001', 'T1055.012', 'T1090.002', 'T1021.001', 'T1021.004', 'T1018', 'T1053.005', 'T1553.002', 'T1218.004', 'T1016', 'T1049', 'T1199', 'T1204.002', 'T1078', 'T1047']"
 83 ,Molerats (G0021)           ,"['T1547.001', 'T1059.001', 'T1059.005', 'T1059.007', 'T1555.003', 'T1140', 'T1105', 'T1027', 'T1566.001', 'T1566.002', 'T1057', 'T1053.005', 'T1553.002', 'T1218.007', 'T1204.001', 'T1204.002']"
 84 ,Moses Staff (G1009)        ,"['T1087.001', 'T1587.001', 'T1190', 'T1562.004', 'T1105', 'T1027', 'T1588.002', 'T1021.002', 'T1505.003', 'T1553.002', 'T1082', 'T1016']"
 85 ,Metador (G1013)            ,"['T1071.001', 'T1059.003', 'T1546.003', 'T1070.004', 'T1105', 'T1095', 'T1027', 'T1588.001', 'T1588.002']"
 86 ,Moafee (G0002)             ,['T1027.001']
 87 ,Mustang Panda (G0129)      ,"['T1583.001', 'T1071.001', 'T1560.001', 'T1560.003', 'T1119', 'T1547.001', 'T1059.001', 'T1059.003', 'T1059.005', 'T1074.001', 'T1573.001', 'T1585.002', 'T1546.003', 'T1052.001', 'T1203', 'T1083', 'T1564.001', 'T1574.002', 'T1070.004', 'T1105', 'T1036.005', 'T1036.007', 'T1027', 'T1027.001', 'T1003.003', 'T1566.001', 'T1566.002', 'T1598.003', 'T1057', 'T1219', 'T1091', 'T1053.005', 'T1518', 'T1608', 'T1608.001', 'T1218.004', 'T1218.005', 'T1082', 'T1016', 'T1049', 'T1204.001', 'T1204.002', 'T1102', 'T1047']"
 88 ,Mofang (G0103)             ,"['T1027', 'T1566.001', 'T1566.002', 'T1204.001', 'T1204.002']"
 89 ,MoustachedBouncer (G1019)  ,"['T1059.001', 'T1059.007', 'T1659', 'T1074.002', 'T1068', 'T1027.002', 'T1090', 'T1113']"
 90 ,MuddyWater (G0069)         ,"['T1548.002', 'T1087.002', 'T1583.006', 'T1071.001', 'T1560.001', 'T1547.001', 'T1059.001', 'T1059.003', 'T1059.005', 'T1059.006', 'T1059.007', 'T1555', 'T1555.003', 'T1132.001', 'T1074.001', 'T1140', 'T1573.001', 'T1041', 'T1190', 'T1203', 'T1210', 'T1083', 'T1589.002', 'T1574.002', 'T1562.001', 'T1105', 'T1559.001', 'T1559.002', 'T1036.005', 'T1104', 'T1027.003', 'T1027.004', 'T1027.010', 'T1588.002', 'T1137.001', 'T1003.001', 'T1003.004', 'T1003.005', 'T1566.001', 'T1566.002', 'T1057', 'T1090.002', 'T1219', 'T1053.005', 'T1113', 'T1518', 'T1518.001', 'T1218.003', 'T1218.005', 'T1218.011', 'T1082', 'T1016', 'T1049', 'T1033', 'T1552.001', 'T1204.001', 'T1204.002', 'T1102.002', 'T1047']"
 91 ,Orangeworm (G0071)         ,"['T1071.001', 'T1021.002']"
 92 ,Naikon (G0019)             ,"['T1547.001', 'T1574.002', 'T1036.004', 'T1036.005', 'T1046', 'T1137.006', 'T1566.001', 'T1018', 'T1053.005', 'T1518.001', 'T1016', 'T1204.002', 'T1078.002', 'T1047']"
 93 ,Nomadic Octopus (G0133)    ,"['T1059.001', 'T1059.003', 'T1564.003', 'T1105', 'T1036', 'T1566.001', 'T1204.002']"
 94 ,PLATINUM (G0068)           ,"['T1189', 'T1068', 'T1105', 'T1056.001', 'T1056.004', 'T1036', 'T1095', 'T1003.001', 'T1566.001', 'T1055', 'T1204.002']"
 95 ,POLONIUM (G1005)           ,"['T1583.006', 'T1567.002', 'T1588.002', 'T1090', 'T1199', 'T1078', 'T1102.002']"
 96 ,OilRig (G0049)             ,"['T1087.001', 'T1087.002', 'T1071.001', 'T1071.004', 'T1119', 'T1110', 'T1059', 'T1059.001', 'T1059.003', 'T1059.005', 'T1555', 'T1555.003', 'T1555.004', 'T1140', 'T1573.002', 'T1048.003', 'T1133', 'T1008', 'T1070.004', 'T1105', 'T1056.001', 'T1036', 'T1046', 'T1027', 'T1027.005', 'T1137.004', 'T1003.001', 'T1003.004', 'T1003.005', 'T1201', 'T1120', 'T1069.001', 'T1069.002', 'T1566.001', 'T1566.002', 'T1566.003', 'T1057', 'T1572', 'T1012', 'T1021.001', 'T1021.004', 'T1053.005', 'T1113', 'T1505.003', 'T1218.001', 'T1082', 'T1016', 'T1049', 'T1033', 'T1007', 'T1552.001', 'T1204.001', 'T1204.002', 'T1078', 'T1497.001', 'T1047']"
 97 ,Patchwork (G0040)          ,"['T1548.002', 'T1560', 'T1119', 'T1197', 'T1547.001', 'T1059.001', 'T1059.003', 'T1059.005', 'T1555.003', 'T1132.001', 'T1005', 'T1074.001', 'T1587.002', 'T1189', 'T1203', 'T1083', 'T1574.002', 'T1070.004', 'T1105', 'T1559.002', 'T1036.005', 'T1112', 'T1027.001', 'T1027.002', 'T1027.005', 'T1027.010', 'T1588.002', 'T1566.001', 'T1566.002', 'T1598.003', 'T1055.012', 'T1021.001', 'T1053.005', 'T1518.001', 'T1553.002', 'T1082', 'T1033', 'T1204.001', 'T1204.002', 'T1102.001']"
 98 ,PittyTiger (G0011)         ,"['T1588.002', 'T1078']"
 99 ,Poseidon Group (G0033)     ,"['T1087.001', 'T1087.002', 'T1059.001', 'T1036.005', 'T1003', 'T1057', 'T1049', 'T1007']"
100 ,Putter Panda (G0024)       ,"['T1547.001', 'T1562.001', 'T1027', 'T1055.001']"
101 ,RTM (G0048)                ,"['T1547.001', 'T1189', 'T1574.001', 'T1566.001', 'T1219', 'T1204.002', 'T1102.001']"
102 ,PROMETHIUM (G0056)         ,"['T1547.001', 'T1543.003', 'T1587.002', 'T1587.003', 'T1189', 'T1036.004', 'T1036.005', 'T1553.002', 'T1205.001', 'T1204.002', 'T1078.003']"
103 ,Rancor (G0075)             ,"['T1071.001', 'T1059.003', 'T1059.005', 'T1105', 'T1566.001', 'T1053.005', 'T1218.007', 'T1204.002']"
104 ,SideCopy (G1008)           ,"['T1059.005', 'T1584.001', 'T1574.002', 'T1105', 'T1036.005', 'T1106', 'T1566.001', 'T1598.002', 'T1518', 'T1518.001', 'T1608.001', 'T1218.005', 'T1082', 'T1614', 'T1016', 'T1204.002']"
105 ,Scarlet Mimic (G0029)      ,['T1036.002']
106 ,Rocke (G0106)              ,"['T1071', 'T1071.001', 'T1547.001', 'T1037', 'T1059.004', 'T1059.006', 'T1543.002', 'T1140', 'T1190', 'T1222.002', 'T1564.001', 'T1574.006', 'T1562.001', 'T1562.004', 'T1070.002', 'T1070.004', 'T1070.006', 'T1105', 'T1036.005', 'T1046', 'T1571', 'T1027', 'T1027.002', 'T1027.004', 'T1057', 'T1055.002', 'T1021.004', 'T1018', 'T1496', 'T1014', 'T1053.003', 'T1518.001', 'T1082', 'T1552.004', 'T1102', 'T1102.001']"
107 ,Scattered Spider (G1015)   ,"['T1087.003', 'T1087.004', 'T1098.001', 'T1098.003', 'T1098.005', 'T1530', 'T1213.002', 'T1190', 'T1068', 'T1133', 'T1589.001', 'T1656', 'T1105', 'T1578.002', 'T1621', 'T1046', 'T1588.002', 'T1003.006', 'T1069.003', 'T1566.004', 'T1598', 'T1598.001', 'T1598.004', 'T1572', 'T1090', 'T1219', 'T1021.007', 'T1553.002', 'T1078.004', 'T1102', 'T1047']"
108 ,Sidewinder (G0121)         ,"['T1071.001', 'T1119', 'T1020', 'T1547.001', 'T1059.001', 'T1059.005', 'T1059.007', 'T1074.001', 'T1203', 'T1083', 'T1574.002', 'T1105', 'T1559.002', 'T1036.005', 'T1027', 'T1027.010', 'T1566.001', 'T1566.002', 'T1598.002', 'T1598.003', 'T1057', 'T1518', 'T1518.001', 'T1218.005', 'T1082', 'T1016', 'T1033', 'T1124', 'T1204.001', 'T1204.002']"
109 ,Silence (G0091)            ,"['T1547.001', 'T1059.001', 'T1059.003', 'T1059.005', 'T1059.007', 'T1070.004', 'T1105', 'T1036.005', 'T1112', 'T1106', 'T1571', 'T1027.010', 'T1588.002', 'T1003.001', 'T1566.001', 'T1055', 'T1090.002', 'T1021.001', 'T1018', 'T1053.005', 'T1113', 'T1072', 'T1553.002', 'T1218.001', 'T1569.002', 'T1204.002', 'T1078', 'T1125']"
110 ,Silent Librarian (G0122)   ,"['T1583.001', 'T1110.003', 'T1114', 'T1114.003', 'T1585.002', 'T1589.002', 'T1589.003', 'T1588.002', 'T1588.004', 'T1598.003', 'T1594', 'T1608.005', 'T1078']"
111 ,SilverTerrier (G0083)      ,"['T1071.001', 'T1071.002', 'T1071.003', 'T1657']"
112 ,Suckfly (G0039)            ,"['T1059.003', 'T1046', 'T1003', 'T1553.002', 'T1078']"
113 ,Sowbug (G0054)             ,"['T1560.001', 'T1059.003', 'T1039', 'T1083', 'T1056.001', 'T1036.005', 'T1135', 'T1003', 'T1082']"
114 ,Stealth Falcon (G0038)     ,"['T1071.001', 'T1059', 'T1059.001', 'T1555', 'T1555.003', 'T1555.004', 'T1005', 'T1573.001', 'T1041', 'T1057', 'T1012', 'T1053.005', 'T1082', 'T1016', 'T1033', 'T1047']"
115 ,Strider (G0041)            ,"['T1564.005', 'T1556.002', 'T1090.001']"
116 ,TA2541 (G1018)             ,"['T1583.001', 'T1583.006', 'T1547.001', 'T1059.001', 'T1059.005', 'T1568', 'T1573.002', 'T1562.001', 'T1105', 'T1036.005', 'T1027', 'T1027.002', 'T1588.001', 'T1588.002', 'T1566.001', 'T1566.002', 'T1055', 'T1055.012', 'T1053.005', 'T1518.001', 'T1608.001', 'T1218.005', 'T1082', 'T1016.001', 'T1204.001', 'T1204.002', 'T1047']"
117 ,TA459 (G0062)              ,"['T1059.001', 'T1059.005', 'T1203', 'T1566.001', 'T1204.002']"
118 ,TA505 (G0092)              ,"['T1087.003', 'T1583.001', 'T1071.001', 'T1059.001', 'T1059.003', 'T1059.005', 'T1059.007', 'T1555.003', 'T1486', 'T1140', 'T1568.001', 'T1562.001', 'T1105', 'T1559.002', 'T1112', 'T1106', 'T1027', 'T1027.002', 'T1027.010', 'T1588.001', 'T1588.002', 'T1069', 'T1566.001', 'T1566.002', 'T1055.001', 'T1608.001', 'T1553.002', 'T1553.005', 'T1218.007', 'T1218.011', 'T1552.001', 'T1204.001', 'T1204.002', 'T1078.002']"
119 ,TA551 (G0127)              ,"['T1071.001', 'T1059.003', 'T1132.001', 'T1568.002', 'T1589.002', 'T1105', 'T1036', 'T1027.003', 'T1027.010', 'T1566.001', 'T1218.005', 'T1218.010', 'T1218.011', 'T1204.002']"
120 ,TeamTNT (G0139)            ,"['T1098.004', 'T1583.001', 'T1595.001', 'T1595.002', 'T1071', 'T1071.001', 'T1547.001', 'T1059.001', 'T1059.003', 'T1059.004', 'T1059.009', 'T1609', 'T1613', 'T1136.001', 'T1543.002', 'T1543.003', 'T1074.001', 'T1140', 'T1610', 'T1587.001', 'T1611', 'T1048', 'T1133', 'T1083', 'T1222.002', 'T1562.001', 'T1562.004', 'T1070.002', 'T1070.003', 'T1070.004', 'T1105', 'T1036', 'T1036.005', 'T1046', 'T1027', 'T1027.002', 'T1120', 'T1057', 'T1219', 'T1021.004', 'T1496', 'T1014', 'T1518.001', 'T1608.001', 'T1082', 'T1016', 'T1049', 'T1007', 'T1569', 'T1552.001', 'T1552.004', 'T1552.005', 'T1204.003', 'T1102']"
121 ,TEMP.Veles (G0088)         ,"['T1583.003', 'T1059.001', 'T1074.001', 'T1546.012', 'T1133', 'T1070.004', 'T1070.006', 'T1036.005', 'T1571', 'T1027.005', 'T1588.002', 'T1003.001', 'T1021.001', 'T1021.004', 'T1053.005', 'T1505.003', 'T1078']"
122 ,The White Company (G0089)  ,"['T1203', 'T1070.004', 'T1027.002', 'T1566.001', 'T1518.001', 'T1124', 'T1204.002']"
123 ,Threat Group-1314 (G0028)  ,"['T1059.003', 'T1021.002', 'T1072', 'T1078.002']"
124 ,Thrip (G0076)              ,"['T1059.001', 'T1048.003', 'T1588.002', 'T1219']"
125 ,Threat Group-3390 (G0027)  ,"['T1548.002', 'T1087.001', 'T1583.001', 'T1071.001', 'T1560.002', 'T1119', 'T1547.001', 'T1059.001', 'T1059.003', 'T1543.003', 'T1555.005', 'T1005', 'T1074.001', 'T1074.002', 'T1030', 'T1140', 'T1189', 'T1567.002', 'T1190', 'T1203', 'T1068', 'T1210', 'T1133', 'T1574.001', 'T1574.002', 'T1562.002', 'T1070.004', 'T1070.005', 'T1105', 'T1056.001', 'T1112', 'T1046', 'T1027', 'T1027.002', 'T1588.002', 'T1588.003', 'T1003.001', 'T1003.002', 'T1003.004', 'T1566.001', 'T1055.012', 'T1012', 'T1021.006', 'T1018', 'T1053.002', 'T1505.003', 'T1608.001', 'T1608.002', 'T1608.004', 'T1195.002', 'T1016', 'T1049', 'T1033', 'T1199', 'T1204.002', 'T1078', 'T1047']"
126 ,Tonto Team (G0131)         ,"['T1059.001', 'T1059.006', 'T1203', 'T1068', 'T1210', 'T1574.001', 'T1105', 'T1056.001', 'T1135', 'T1003', 'T1069.001', 'T1566.001', 'T1090.002', 'T1505.003', 'T1204.002']"
127 ,Turla (G0010)              ,"['T1134.002', 'T1087.001', 'T1087.002', 'T1583.006', 'T1071.001', 'T1071.003', 'T1560.001', 'T1547.001', 'T1547.004', 'T1110', 'T1059.001', 'T1059.003', 'T1059.005', 'T1059.006', 'T1059.007', 'T1584.003', 'T1584.004', 'T1584.006', 'T1555.004', 'T1213', 'T1005', 'T1025', 'T1140', 'T1587.001', 'T1189', 'T1546.003', 'T1546.013', 'T1567.002', 'T1068', 'T1083', 'T1615', 'T1562.001', 'T1105', 'T1570', 'T1112', 'T1106', 'T1027.005', 'T1027.010', 'T1027.011', 'T1588.001', 'T1588.002', 'T1201', 'T1120', 'T1069.001', 'T1069.002', 'T1566.002', 'T1057', 'T1055', 'T1055.001', 'T1090', 'T1090.001', 'T1012', 'T1021.002', 'T1018', 'T1518.001', 'T1553.006', 'T1082', 'T1016', 'T1016.001', 'T1049', 'T1007', 'T1124', 'T1204.001', 'T1078.003', 'T1102', 'T1102.002']"
128 ,Transparent Tribe (G0134)  ,"['T1583.001', 'T1059.005', 'T1584.001', 'T1587.003', 'T1189', 'T1568', 'T1203', 'T1564.001', 'T1036.005', 'T1027', 'T1566.001', 'T1566.002', 'T1608.001', 'T1608.004', 'T1204.001', 'T1204.002']"
129 ,Volatile Cedar (G0123)     ,"['T1595.002', 'T1595.003', 'T1190', 'T1105', 'T1505.003']"
130 ,Tropic Trooper (G0081)     ,"['T1071.001', 'T1071.004', 'T1119', 'T1020', 'T1547.001', 'T1547.004', 'T1059.003', 'T1543.003', 'T1132.001', 'T1140', 'T1573', 'T1573.002', 'T1052.001', 'T1203', 'T1083', 'T1564.001', 'T1574.002', 'T1070.004', 'T1105', 'T1036.005', 'T1106', 'T1046', 'T1135', 'T1027', 'T1027.003', 'T1566.001', 'T1057', 'T1055.001', 'T1091', 'T1505.003', 'T1518', 'T1518.001', 'T1082', 'T1016', 'T1049', 'T1033', 'T1221', 'T1204.002', 'T1078.003']"
131 ,Windigo (G0124)            ,"['T1059', 'T1005', 'T1189', 'T1083', 'T1090', 'T1518', 'T1082']"
132 ,Whitefly (G0107)           ,"['T1059', 'T1068', 'T1574.001', 'T1105', 'T1036.005', 'T1027', 'T1588.002', 'T1003.001', 'T1204.002']"
133 ,Winnti Group (G0044)       ,"['T1583.001', 'T1083', 'T1105', 'T1057', 'T1014', 'T1553.002']"
134 ,Windshift (G0112)          ,"['T1071.001', 'T1547.001', 'T1059.005', 'T1189', 'T1105', 'T1036', 'T1036.001', 'T1027', 'T1566.001', 'T1566.002', 'T1566.003', 'T1057', 'T1518', 'T1518.001', 'T1082', 'T1033', 'T1204.001', 'T1204.002', 'T1047']"
135 ,Wizard Spider (G0102)      ,"['T1087.002', 'T1557.001', 'T1071.001', 'T1560.001', 'T1197', 'T1547.001', 'T1547.004', 'T1059.001', 'T1059.003', 'T1136.001', 'T1136.002', 'T1543.003', 'T1555.004', 'T1005', 'T1074', 'T1074.001', 'T1585.002', 'T1048.003', 'T1041', 'T1567.002', 'T1210', 'T1133', 'T1222.001', 'T1562.001', 'T1070.004', 'T1105', 'T1490', 'T1570', 'T1036.004', 'T1112', 'T1135', 'T1027.010', 'T1588.002', 'T1588.003', 'T1003.001', 'T1003.002', 'T1003.003', 'T1566.001', 'T1566.002', 'T1055', 'T1055.001', 'T1021', 'T1021.001', 'T1021.002', 'T1021.006', 'T1018', 'T1053.005', 'T1489', 'T1518', 'T1518.001', 'T1558.003', 'T1553.002', 'T1218.011', 'T1082', 'T1016', 'T1033', 'T1569.002', 'T1552.006', 'T1550.002', 'T1204.001', 'T1204.002', 'T1078', 'T1078.002', 'T1047']"
136 ,Volt Typhoon (G1017)       ,"['T1087.002', 'T1560.001', 'T1059.001', 'T1059.003', 'T1584.004', 'T1584.005', 'T1555', 'T1005', 'T1074', 'T1074.001', 'T1573.001', 'T1190', 'T1070.004', 'T1070.007', 'T1570', 'T1654', 'T1036.005', 'T1036.008', 'T1588.002', 'T1003.001', 'T1003.003', 'T1069.001', 'T1069.002', 'T1057', 'T1090', 'T1090.001', 'T1012', 'T1018', 'T1505.003', 'T1518', 'T1082', 'T1016', 'T1049', 'T1033', 'T1078.002', 'T1497.001', 'T1047']"
137 ,WIRTE (G0090)              ,"['T1071.001', 'T1059.001', 'T1059.005', 'T1140', 'T1105', 'T1036.005', 'T1571', 'T1588.002', 'T1566.001', 'T1218.010', 'T1204.002']"
138 ,ZIRCONIUM (G0128)          ,"['T1583.001', 'T1583.006', 'T1547.001', 'T1059.003', 'T1059.006', 'T1555.003', 'T1140', 'T1573.001', 'T1041', 'T1567.002', 'T1068', 'T1105', 'T1036', 'T1036.004', 'T1027.002', 'T1566.002', 'T1598', 'T1598.003', 'T1012', 'T1218.007', 'T1082', 'T1016', 'T1033', 'T1124', 'T1204.001', 'T1102.002']"
